City_ID,City,Country,Date,Lat,Lng,Max Temp,Humidity,Cloudiness,Wind Speed
0,Bredasdorp,ZA,2022-10-03 02:13:22,-34.5322,20.0403,53.28,93,100,7.11
1,Ledyard,US,2022-10-03 02:13:23,41.4398,-72.0142,52.72,64,0,16.11
2,Korla,CN,2022-10-03 02:13:23,41.7597,86.1469,48.72,22,0,15.14
3,Ilulissat,GL,2022-10-03 02:13:24,69.2167,-51.1,32.02,86,100,1.14
4,Kaitangata,NZ,2022-10-03 02:13:24,-46.2817,169.8464,51.6,49,57,15.86
5,Jinchang,CN,2022-10-03 02:13:24,38.4953,102.1739,45.86,26,100,4.03
6,Tuatapere,NZ,2022-10-03 02:13:25,-46.1333,167.6833,50.2,57,81,13.2
7,Margate,GB,2022-10-03 02:12:21,51.3813,1.3862,49.89,67,99,3.33
8,Victoria,HK,2022-10-03 02:13:25,22.2855,114.1577,88.97,79,43,5.99
9,Mount Gambier,AU,2022-10-03 02:10:20,-37.8333,140.7667,66.2,53,69,3.42
10,Thompson,CA,2022-10-03 02:10:05,55.7435,-97.8558,60.06,58,57,11.88
11,Georgetown,MY,2022-10-03 02:13:26,5.4112,100.3354,82.89,78,20,3.44
12,New Norfolk,AU,2022-10-03 02:13:26,-42.7826,147.0587,59.72,41,100,2.75
13,Roswell,US,2022-10-03 02:08:36,34.0232,-84.3616,64.78,77,75,11.5
14,Hobart,AU,2022-10-03 02:13:27,-42.8794,147.3294,60.06,66,75,9.22
15,Polunochnoye,RU,2022-10-03 02:13:27,60.8697,60.4153,39.13,97,100,6.53
16,Hasaki,JP,2022-10-03 02:13:27,35.7333,140.8333,82.29,62,89,5.57
17,Najran,SA,2022-10-03 02:13:28,17.4924,44.1277,68.05,21,22,1.7
18,Ushuaia,AR,2022-10-03 02:13:21,-54.8,-68.3,40.66,81,0,3.44
19,Semey,KZ,2022-10-03 02:13:28,50.4111,80.2275,19.62,86,0,0.0
20,Tateyama,JP,2022-10-03 02:13:28,34.9833,139.8667,77.09,60,31,4.14
21,Khatanga,RU,2022-10-03 02:13:29,71.9667,102.5,24.4,96,99,11.56
22,Saint-Philippe,RE,2022-10-03 02:13:29,-21.3585,55.7679,65.79,78,14,8.03
23,Rikitea,PF,2022-10-03 02:13:29,-23.1203,-134.9692,75.04,65,53,5.93
24,Jamestown,US,2022-10-03 02:13:30,42.097,-79.2353,44.24,62,0,10.36
25,Kachiry,KZ,2022-10-03 02:13:30,53.0675,76.1036,32.72,69,5,5.97
26,Cape Town,ZA,2022-10-03 02:13:31,-33.9258,18.4232,59.41,83,75,4.61
27,Chokurdakh,RU,2022-10-03 02:13:31,70.6333,147.9167,24.87,63,46,10.11
28,Cidreira,BR,2022-10-03 02:09:17,-30.1811,-50.2056,60.53,88,2,5.64
29,Touros,BR,2022-10-03 02:13:31,-5.1989,-35.4608,75.99,75,9,13.22
30,Abu Dhabi,AE,2022-10-03 02:09:21,24.4667,54.3667,81.97,89,0,9.35
31,Roebourne,AU,2022-10-03 02:13:32,-20.7833,117.1333,81.48,40,0,11.21
32,Havelock,US,2022-10-03 02:11:54,34.8791,-76.9013,64.94,86,100,8.16
33,Tautira,PF,2022-10-03 02:11:58,-17.7333,-149.15,78.19,71,98,10.87
34,Troitskoye,RU,2022-10-03 02:13:33,52.9821,84.6757,29.64,81,13,7.43
35,Puerto Ayora,EC,2022-10-03 02:13:33,-0.7393,-90.3518,64.54,94,88,1.99
36,Foumban,CM,2022-10-03 02:13:33,5.7291,10.9001,62.22,95,100,3.49
37,Hamilton,US,2022-10-03 02:12:16,39.1834,-84.5333,59.43,75,0,10.36
38,Butaritari,KI,2022-10-03 02:13:34,3.0707,172.7902,82.76,70,91,16.71
39,Atar,MR,2022-10-03 02:13:34,20.5169,-13.0499,87.91,27,5,5.7
40,Chuy,UY,2022-10-03 02:13:34,-33.6971,-53.4616,52.0,93,3,7.87
41,Busselton,AU,2022-10-03 02:13:35,-33.65,115.3333,59.11,48,97,13.06
42,Norman Wells,CA,2022-10-03 02:13:35,65.282,-126.8329,33.84,93,100,3.44
43,Souillac,MU,2022-10-03 02:09:24,-20.5167,57.5167,70.18,73,40,10.36
44,Kapaa,US,2022-10-03 02:13:36,22.0752,-159.319,80.92,78,75,18.41
45,Chinsali,ZM,2022-10-03 02:13:36,-10.5414,32.0816,61.05,56,3,5.28
46,Castro,BR,2022-10-03 02:13:36,-24.7911,-50.0119,57.22,96,8,5.08
47,Hermanus,ZA,2022-10-03 02:14:37,-34.4187,19.2345,59.81,83,94,12.19
48,Mariestad,SE,2022-10-03 02:14:37,58.7097,13.8237,50.47,98,86,2.82
49,Eravur,LK,2022-10-03 02:14:38,7.7733,81.6095,83.08,62,100,19.15
50,Jacareacanga,BR,2022-10-03 02:14:38,-6.2222,-57.7528,72.41,96,70,1.07
51,College,US,2022-10-03 02:14:38,64.8569,-147.8028,45.59,85,75,4.61
52,Yulara,AU,2022-10-03 02:14:39,-25.2406,130.9889,80.44,34,40,19.57
53,Lavos,PT,2022-10-03 02:14:39,40.0936,-8.8283,57.18,51,53,3.78
54,Constitucion,CL,2022-10-03 02:14:40,-35.3333,-72.4167,50.94,91,81,7.07
55,Bara,NG,2022-10-03 02:14:40,10.3744,10.7288,72.46,91,92,9.53
56,Nehe,CN,2022-10-03 02:14:40,48.4833,124.8333,45.09,40,100,12.82
57,Cam Ranh,VN,2022-10-03 02:14:41,11.9214,109.1591,84.16,70,40,2.3
58,Surt,LY,2022-10-03 02:14:41,31.2089,16.5887,74.48,69,0,12.66
59,Twentynine Palms,US,2022-10-03 02:14:42,34.1356,-116.0542,86.14,40,8,5.01
60,Bluff,NZ,2022-10-03 02:14:42,-46.6,168.3333,47.8,53,100,20.11
61,Xiongyue,CN,2022-10-03 02:14:42,40.1774,122.1228,58.96,86,100,25.86
62,Provideniya,RU,2022-10-03 02:14:43,64.3833,-173.3,39.36,87,40,13.42
63,Honiara,SB,2022-10-03 02:14:43,-9.4333,159.95,84.43,75,93,4.59
64,Lagoa,PT,2022-10-03 02:14:43,39.05,-27.9833,70.84,85,92,5.37
65,Lagunas,PE,2022-10-03 02:14:44,-5.2269,-75.6753,75.92,73,89,1.72
66,Mataura,NZ,2022-10-03 02:14:44,-46.1927,168.8643,47.48,45,91,10.07
67,Westport,US,2022-10-03 02:14:44,41.1415,-73.3579,53.74,54,0,14.97
68,Lixourion,GR,2022-10-03 02:14:45,38.2019,20.4314,69.19,74,3,8.84
69,Barrow,US,2022-10-03 02:14:45,71.2906,-156.7887,28.42,74,100,11.5
70,Auki,SB,2022-10-03 02:14:45,-8.7676,160.7034,83.97,72,60,3.47
71,Passo Fundo,BR,2022-10-03 02:13:12,-28.2628,-52.4067,50.56,92,0,7.78
72,Hilo,US,2022-10-03 02:13:06,19.7297,-155.09,83.93,73,0,6.91
73,Saint George,US,2022-10-03 02:11:34,37.1041,-113.5841,80.44,52,0,8.05
74,Pisco,PE,2022-10-03 02:14:46,-13.7,-76.2167,60.03,88,40,10.36
75,Vaini,TO,2022-10-03 02:14:47,-21.2,-175.2,78.96,78,75,11.5
76,Smithers,CA,2022-10-03 02:14:47,54.7804,-127.1743,53.92,76,20,5.75
77,Albany,US,2022-10-03 02:12:20,42.6001,-73.9662,48.45,64,100,5.14
78,Namibe,AO,2022-10-03 02:14:47,-15.1961,12.1522,65.46,83,93,9.66
79,East London,ZA,2022-10-03 02:14:48,-33.0153,27.9116,65.62,90,49,8.19
80,Kodiak,US,2022-10-03 02:14:48,57.79,-152.4072,53.11,66,75,9.22
81,Coihaique,CL,2022-10-03 02:14:48,-45.5752,-72.0662,53.55,54,0,4.61
82,Atuona,PF,2022-10-03 02:14:49,-9.8,-139.0333,77.05,74,35,18.86
83,Rafaela,AR,2022-10-03 02:10:12,-31.2503,-61.4867,62.01,53,10,8.72
84,Upernavik,GL,2022-10-03 02:09:50,72.7868,-56.1549,20.1,86,57,9.17
85,Tasiilaq,GL,2022-10-03 02:14:49,65.6145,-37.6368,37.56,98,100,12.46
86,Tiksi,RU,2022-10-03 02:14:50,71.6872,128.8694,25.74,89,100,7.81
87,Carutapera,BR,2022-10-03 02:14:50,-1.195,-46.02,79.14,81,19,8.3
88,Komsomolskiy,UZ,2022-10-03 02:14:51,40.4272,71.7189,56.12,50,7,6.91
89,Nanga Eboko,CM,2022-10-03 02:15:51,4.6833,12.3667,67.01,99,100,3.04
90,Port Blair,IN,2022-10-03 02:15:51,11.6667,92.75,84.24,79,75,8.05
91,Lindas,NO,2022-10-03 02:15:52,60.7381,5.16,52.52,85,100,3.53
92,Aranos,NA,2022-10-03 02:15:52,-24.1333,19.1167,69.33,20,46,2.84
93,Rawson,AR,2022-10-03 02:15:52,-43.3002,-65.1023,47.91,65,99,16.82
94,Licata,IT,2022-10-03 02:15:53,37.1071,13.9461,69.24,62,1,7.83
95,Batagay-Alyta,RU,2022-10-03 02:15:53,67.8006,130.4114,17.64,68,97,2.75
96,Punta Arenas,CL,2022-10-03 02:11:48,-53.15,-70.9167,42.91,65,0,9.22
97,Prieska,ZA,2022-10-03 02:15:54,-29.6641,22.7474,64.4,18,0,3.67
98,Nyrob,RU,2022-10-03 02:15:54,60.733,56.7202,47.46,96,100,9.66
99,Sola,VU,2022-10-03 02:13:11,-13.8833,167.55,80.69,75,31,6.42
100,Vuktyl,RU,2022-10-03 02:15:54,63.8567,57.3094,46.06,96,100,10.49
101,Bathsheba,BB,2022-10-03 02:15:55,13.2167,-59.5167,79.41,94,40,4.61
102,Port Alfred,ZA,2022-10-03 02:15:55,-33.5906,26.891,60.19,89,38,4.0
103,Ewa Beach,US,2022-10-03 02:15:56,21.3156,-158.0072,82.35,80,75,9.22
104,Bethel,US,2022-10-03 02:15:56,41.3712,-73.414,52.16,57,0,8.05
105,Yellowknife,CA,2022-10-03 02:11:28,62.456,-114.3525,42.57,60,7,11.01
106,Saskylakh,RU,2022-10-03 02:15:56,71.9167,114.0833,25.48,95,99,11.61
107,Konstantinovskoye,RU,2022-10-03 02:15:57,45.2992,42.6367,63.18,74,100,16.6
108,Beringovskiy,RU,2022-10-03 02:15:57,63.05,179.3167,40.33,73,96,14.2
109,Bousso,TD,2022-10-03 02:15:58,10.4795,16.7117,74.43,89,61,5.99
110,Qaanaaq,GL,2022-10-03 02:15:58,77.484,-69.3632,7.38,74,61,7.4
111,Doha,QA,2022-10-03 02:13:37,25.2867,51.5333,82.38,74,0,2.3
112,Mana,GF,2022-10-03 02:14:43,5.6592,-53.7767,78.12,89,99,7.27
113,Faanui,PF,2022-10-03 02:15:58,-16.4833,-151.75,79.0,72,4,13.96
114,Arraial Do Cabo,BR,2022-10-03 02:12:25,-22.9661,-42.0278,69.08,90,100,6.49
115,Pauini,BR,2022-10-03 02:15:59,-7.7136,-66.9764,75.11,75,11,0.65
116,Carnarvon,AU,2022-10-03 02:15:59,-24.8667,113.6333,72.64,43,0,15.57
117,Broome,US,2022-10-03 02:16:00,42.2506,-75.833,49.66,82,0,5.75
118,Nanortalik,GL,2022-10-03 02:16:00,60.1432,-45.2371,36.63,82,13,11.52
119,Mehamn,NO,2022-10-03 02:16:01,71.0357,27.8492,40.95,87,100,3.44
120,Torbay,CA,2022-10-03 02:16:01,47.6666,-52.7314,45.27,74,20,9.22
121,Arlit,NE,2022-10-03 02:14:40,18.7369,7.3853,89.67,11,0,13.56
122,Manitouwadge,CA,2022-10-03 02:16:02,49.1215,-85.8403,41.54,84,100,6.31
123,Baykit,RU,2022-10-03 02:16:02,61.67,96.37,31.24,80,82,4.79
124,Yenagoa,NG,2022-10-03 02:16:02,4.9247,6.2642,72.75,96,100,2.08
125,Sao Joao Da Barra,BR,2022-10-03 02:14:07,-21.6403,-41.0511,71.06,89,98,2.46
126,Nikolskoye,RU,2022-10-03 02:16:03,59.7035,30.7861,44.49,82,100,10.0
127,Plainview,US,2022-10-03 02:16:03,40.7765,-73.4673,53.46,67,75,16.11
128,Naze,JP,2022-10-03 02:16:03,28.3667,129.4833,83.32,72,25,12.1
129,Oranjemund,NA,2022-10-03 02:16:04,-28.55,16.4333,55.99,95,9,8.88
130,Damulog,PH,2022-10-03 02:16:04,7.4836,124.9431,83.84,68,100,1.12
131,Hamadan,IR,2022-10-03 02:16:04,34.7992,48.5146,56.08,44,0,1.81
132,San Juan,AR,2022-10-03 02:15:52,-31.5375,-68.5364,73.67,33,0,21.0
133,Mahebourg,MU,2022-10-03 02:16:05,-20.4081,57.7,70.25,73,40,10.36
134,Odesskoye,RU,2022-10-03 02:16:05,54.2111,72.9651,31.95,65,5,6.38
135,Ostrovnoy,RU,2022-10-03 02:17:06,68.0531,39.5131,35.31,88,27,11.14
136,Ratnagiri,IN,2022-10-03 02:17:06,16.9833,73.3,78.01,86,82,7.16
137,Anqing,CN,2022-10-03 02:17:06,30.5092,117.0506,96.91,35,5,9.01
138,Muros,ES,2022-10-03 02:17:07,42.7762,-9.0603,57.83,91,100,5.75
139,Ponta Do Sol,PT,2022-10-03 02:17:07,32.6667,-17.1,70.43,79,5,3.83
140,Fortuna,US,2022-10-03 02:17:07,40.5982,-124.1573,60.93,81,7,3.0
141,Shingu,JP,2022-10-03 02:17:08,33.7333,135.9833,76.44,75,97,5.32
142,Maceio,BR,2022-10-03 02:12:39,-9.6658,-35.7353,71.04,94,20,3.44
143,Avera,US,2022-10-03 02:17:08,33.194,-82.5271,67.51,63,0,11.5
144,Kiunga,PG,2022-10-03 02:17:09,-6.1219,141.2906,89.53,57,70,3.69
145,Pangnirtung,CA,2022-10-03 02:17:09,66.1451,-65.7125,29.84,63,9,3.38
146,Felipe Carrillo Puerto,MX,2022-10-03 02:17:09,19.5833,-88.05,73.22,86,100,2.19
147,Barranca,PE,2022-10-03 02:17:10,-10.75,-77.7667,61.47,84,71,7.4
148,Cozumel,MX,2022-10-03 02:17:10,20.5083,-86.9458,82.0,76,40,4.0
149,Pevek,RU,2022-10-03 02:17:10,69.7008,170.3133,30.24,84,100,11.54
150,Hobyo,SO,2022-10-03 02:17:11,5.3505,48.5268,76.26,87,100,18.28
151,Creel,MX,2022-10-03 02:17:11,27.75,-107.6333,52.25,79,31,5.44
152,Amazar,RU,2022-10-03 02:17:12,53.858,120.875,35.24,32,56,7.34
153,Coos Bay,US,2022-10-03 02:12:49,43.3665,-124.2179,60.31,93,100,3.44
154,Kamenka,RU,2022-10-03 02:17:12,51.3223,42.7678,63.27,58,100,24.7
155,Cherskiy,RU,2022-10-03 02:17:12,68.75,161.3,29.28,86,100,12.55
156,Shar,KZ,2022-10-03 02:17:13,49.5886,81.0453,33.69,47,0,3.22
157,Barras,BR,2022-10-03 02:13:45,-4.2444,-42.2944,77.68,77,33,7.99
158,Sioux Falls,US,2022-10-03 02:16:32,43.55,-96.7003,69.66,40,40,13.8
159,San Juan De Uraba,CO,2022-10-03 02:17:14,8.7592,-76.5297,79.23,82,6,7.29
160,San Patricio,US,2022-10-03 02:17:14,28.017,-97.5169,78.84,49,100,5.84
161,Port Elizabeth,ZA,2022-10-03 02:17:06,-33.918,25.5701,61.32,91,20,26.46
162,Hithadhoo,MV,2022-10-03 02:17:15,-0.6,73.0833,81.52,68,89,14.81
163,Nioro,GM,2022-10-03 02:17:15,13.35,-15.75,76.06,90,89,1.5
164,Lebu,CL,2022-10-03 02:17:15,-37.6167,-73.65,50.36,86,100,2.71
165,Salinas,US,2022-10-03 02:14:04,36.6777,-121.6555,67.41,71,0,8.05
166,Katsuura,JP,2022-10-03 02:17:16,35.1333,140.3,77.67,60,70,7.05
167,Ambon,ID,2022-10-03 02:17:16,-3.6954,128.1814,89.74,66,20,6.91
168,Faya,SA,2022-10-03 02:17:17,18.3851,42.4509,59.11,65,35,1.23
169,Felanitx,ES,2022-10-03 02:17:17,39.4696,3.1483,61.14,63,89,3.51
170,Camopi,GF,2022-10-03 02:17:17,3.1655,-52.3158,72.73,92,100,2.75
171,Mogoytuy,RU,2022-10-03 02:17:18,51.2833,114.9167,32.83,32,8,15.84
172,Berlin,DE,2022-10-03 02:13:12,52.5244,13.4105,53.98,86,100,14.97
173,Vila Franca Do Campo,PT,2022-10-03 02:17:19,37.7167,-25.4333,74.19,87,77,11.03
174,Tuktoyaktuk,CA,2022-10-03 02:17:19,69.4541,-133.0374,26.6,80,100,8.05
175,Jijiga,ET,2022-10-03 02:17:19,9.35,42.8,63.46,75,50,8.23
176,Jumla,NP,2022-10-03 02:16:15,29.2747,82.1838,59.76,72,0,2.24
177,Cabo San Lucas,MX,2022-10-03 02:17:20,22.8909,-109.9124,86.31,57,40,6.91
178,Mahon,ES,2022-10-03 02:17:20,39.8885,4.2658,63.16,88,0,5.75
179,Japura,ID,2022-10-03 02:18:21,-0.3167,102.35,79.77,82,90,2.57
180,Haukipudas,FI,2022-10-03 02:18:21,65.1765,25.3523,43.14,87,68,10.31
181,Fairbanks,US,2022-10-03 02:16:47,64.8378,-147.7164,45.61,85,100,4.61
182,Coquimbo,CL,2022-10-03 02:18:06,-29.9533,-71.3436,55.13,94,100,2.3
183,Bambous Virieux,MU,2022-10-03 02:18:22,-20.3428,57.7575,70.21,73,40,10.36
184,Grindavik,IS,2022-10-03 02:18:22,63.8424,-22.4338,48.15,81,75,20.71
185,Lompoc,US,2022-10-03 02:18:23,34.6391,-120.4579,65.01,85,0,6.91
186,Santarem,BR,2022-10-03 02:18:23,-2.4431,-54.7083,78.62,68,99,1.28
187,Narsaq,GL,2022-10-03 02:18:23,60.9167,-46.05,35.82,65,48,4.45
188,Luderitz,NA,2022-10-03 02:18:24,-26.6481,15.1594,57.2,77,0,18.01
189,Murud,IN,2022-10-03 02:18:24,18.3258,72.965,78.31,83,89,4.09
190,Anadyr,RU,2022-10-03 02:18:25,64.75,177.4833,34.3,74,75,11.18
191,Cabo Rojo,PR,2022-10-03 02:18:25,18.0866,-67.1457,79.97,90,71,6.46
192,Brae,GB,2022-10-03 02:18:25,60.3964,-1.353,53.46,94,52,15.01
193,Pryazha,RU,2022-10-03 02:18:26,61.6926,33.6216,27.63,96,84,5.06
194,Badarwas,IN,2022-10-03 02:18:26,24.9667,77.5667,72.79,73,0,6.13
195,Kavieng,PG,2022-10-03 02:18:27,-2.5744,150.7967,85.35,67,10,8.77
196,Huitziltepec,MX,2022-10-03 02:18:27,17.8167,-99.4667,63.88,89,10,5.17
197,Lunino,RU,2022-10-03 02:18:27,53.5918,45.2271,58.8,79,100,15.41
198,Vao,NC,2022-10-03 02:18:28,-22.6667,167.4833,69.85,75,96,14.65
199,Marawi,PH,2022-10-03 02:18:28,7.9986,124.2928,81.95,60,100,2.01
200,Floro,NO,2022-10-03 02:18:28,61.5996,5.0328,51.76,82,75,11.5
201,Sao Paulo De Olivenca,BR,2022-10-03 02:18:29,-3.3783,-68.8725,73.38,96,19,1.1
202,Salalah,OM,2022-10-03 02:18:29,17.0151,54.0924,78.89,89,75,4.61
203,Sabzevar,IR,2022-10-03 02:18:29,36.2126,57.6819,54.68,35,0,11.5
204,Cairns,AU,2022-10-03 02:15:08,-16.9167,145.7667,92.07,53,85,13.8
205,Fomboni,KM,2022-10-03 02:18:30,-12.28,43.7425,74.48,73,5,3.49
206,Bengkulu,ID,2022-10-03 02:18:30,-3.8004,102.2655,79.39,80,80,0.63
207,Muzhi,RU,2022-10-03 02:18:31,65.3667,64.6667,37.17,92,100,11.23
208,Hervey Bay,AU,2022-10-03 02:18:31,-25.2986,152.8535,73.02,57,15,8.99
209,Saint Anthony,US,2022-10-03 02:18:31,45.0205,-93.218,66.13,67,75,11.5
210,Pyshchug,RU,2022-10-03 02:18:32,58.8873,45.7134,44.49,95,96,3.09
211,Guerrero Negro,MX,2022-10-03 02:18:32,27.9769,-114.0611,68.74,77,0,15.32
212,Iquique,CL,2022-10-03 02:13:59,-20.2208,-70.1431,59.04,71,52,2.08
213,Mitsamiouli,KM,2022-10-03 02:18:33,-11.3847,43.2844,73.13,77,3,4.83
214,Sechelt,CA,2022-10-03 02:18:33,49.4664,-123.7694,70.3,62,21,3.2
215,Falmouth,GB,2022-10-03 02:18:33,50.1544,-5.0711,54.5,87,100,4.61
216,Anzio,IT,2022-10-03 02:18:34,41.4853,12.6179,66.31,82,80,6.67
217,Olafsvik,IS,2022-10-03 02:18:34,64.8945,-23.7142,46.96,82,46,25.46
218,Baghdad,IQ,2022-10-03 02:14:56,33.3406,44.4009,67.91,40,0,4.61
219,Esik,KZ,2022-10-03 02:18:34,43.3552,77.4525,36.82,37,7,2.37
220,Bam,IR,2022-10-03 02:18:35,29.106,58.357,73.35,22,0,4.65
221,Trelew,AR,2022-10-03 02:18:35,-43.249,-65.3051,48.18,61,98,16.04
222,Kulhudhuffushi,MV,2022-10-03 02:18:35,6.6221,73.07,80.02,78,100,16.96
223,Nuevo Progreso,MX,2022-10-03 02:18:36,23.1667,-97.95,73.47,80,51,5.1
224,Seminole,US,2022-10-03 02:18:05,28.7086,-81.2081,75.2,72,0,3.44
225,Fougamou,GA,2022-10-03 02:18:36,-1.2154,10.5838,72.45,99,100,0.67
226,Dhidhdhoo,MV,2022-10-03 02:19:37,6.8833,73.1,80.33,78,100,17.6
227,Praesto,DK,2022-10-03 02:19:37,55.1178,12.0573,54.93,83,52,17.94
228,Gushikawa,JP,2022-10-03 02:19:37,26.3544,127.8686,87.03,74,40,13.8
229,Alta Floresta,BR,2022-10-03 02:19:38,-9.8756,-56.0861,79.86,58,85,3.53
230,Sao Filipe,CV,2022-10-03 02:19:38,14.8961,-24.4956,77.61,74,67,9.57
231,Mar Del Plata,AR,2022-10-03 02:19:38,-38.0023,-57.5575,51.1,80,75,8.05
232,Angoche,MZ,2022-10-03 02:19:39,-16.2325,39.9086,72.77,89,20,2.73
233,Haines Junction,CA,2022-10-03 02:19:39,60.7522,-137.5108,51.75,46,87,8.05
234,Longyearbyen,SJ,2022-10-03 02:15:40,78.2186,15.6401,35.44,100,75,0.0
235,Mujiayingzi,CN,2022-10-03 02:19:40,42.1167,118.7833,35.29,93,100,16.13
236,Takhli,TH,2022-10-03 02:19:40,15.2634,100.3438,75.56,96,100,3.69
237,Nurota,UZ,2022-10-03 02:19:40,40.5614,65.6886,51.4,30,61,2.08
238,Acari,PE,2022-10-03 02:19:41,-15.4311,-74.6158,67.1,70,56,2.91
239,Tuy Hoa,VN,2022-10-03 02:19:41,13.0833,109.3,81.9,79,99,5.86
240,Tombouctou,ML,2022-10-03 02:19:42,20.0,-3.0,89.2,30,2,4.34
241,Tiznit,MA,2022-10-03 02:19:42,29.5833,-9.5,74.8,30,0,5.35
242,Shimoda,JP,2022-10-03 02:19:43,34.6667,138.95,75.56,65,45,8.32
243,Sinnamary,GF,2022-10-03 02:19:43,5.3833,-52.95,78.13,90,100,7.43
244,Ban Nahin,LA,2022-10-03 02:19:43,18.2418,104.2122,83.21,72,80,1.95
245,Kismayo,SO,2022-10-03 02:19:44,-0.3582,42.5454,75.31,75,94,14.94
246,Hami,CN,2022-10-03 02:19:44,42.8,93.45,49.14,14,0,3.49
247,Lasa,IT,2022-10-03 02:19:44,46.6166,10.7002,56.28,98,84,7.94
248,Owando,CG,2022-10-03 02:19:45,-0.4819,15.8999,69.84,98,100,2.82
249,Viedma,AR,2022-10-03 02:19:45,-40.8135,-62.9967,44.76,74,100,10.25
250,Santa Maria,BR,2022-10-03 02:18:36,-29.6842,-53.8069,55.44,86,12,3.11
251,Talmenka,RU,2022-10-03 02:19:46,53.8183,83.5677,28.38,79,12,6.53
252,Gaoual,GN,2022-10-03 02:19:46,11.75,-13.2,73.96,95,100,1.32
253,Anchorage,US,2022-10-03 02:19:46,61.2181,-149.9003,49.21,88,100,9.22
254,Senanga,ZM,2022-10-03 02:19:47,-16.1167,23.2667,64.09,28,0,5.08
255,Aykhal,RU,2022-10-03 02:19:47,66.0,111.5,19.99,93,100,11.52
256,Pingliang,CN,2022-10-03 02:19:48,35.5392,106.6861,50.77,56,100,15.23
257,La Ronge,CA,2022-10-03 02:15:41,55.1001,-105.2842,64.62,59,0,6.91
258,Maumere,ID,2022-10-03 02:19:48,-8.6199,122.2111,84.96,67,9,1.14
259,Inirida,CO,2022-10-03 02:19:48,3.8653,-67.9239,71.2,93,27,1.19
260,Maniitsoq,GL,2022-10-03 02:19:49,65.4167,-52.9,35.35,59,71,3.18
261,Esperance,AU,2022-10-03 02:19:49,-33.8667,121.9,55.24,78,95,17.72
262,Paracelis,PH,2022-10-03 02:19:50,17.2667,121.4667,82.65,71,87,3.11
263,Sitka,US,2022-10-03 02:19:50,57.0531,-135.33,55.29,67,75,0.0
264,Karaton,ID,2022-10-03 02:19:50,-6.3424,106.1045,83.59,70,100,1.07
265,Camacha,PT,2022-10-03 02:19:51,33.0833,-16.3333,65.62,77,20,3.44
266,Omsukchan,RU,2022-10-03 02:19:51,62.5333,155.8,21.25,85,100,6.08
267,Gusinoye Ozero,RU,2022-10-03 02:19:52,51.1144,106.2614,36.36,52,67,8.32
268,Buala,SB,2022-10-03 02:19:52,-8.145,159.5921,86.65,66,66,6.44
269,Banjar,ID,2022-10-03 02:20:53,-8.19,114.9675,85.06,72,68,1.43
270,Alyangula,AU,2022-10-03 02:20:53,-13.8483,136.4192,84.69,64,98,13.11
271,Saldanha,ZA,2022-10-03 02:20:53,-33.0117,17.9442,57.25,87,100,3.56
272,Naantali,FI,2022-10-03 02:20:54,60.4674,22.0243,48.85,100,100,2.3
273,Zhigansk,RU,2022-10-03 02:20:54,66.7697,123.3711,26.06,81,99,3.4
274,Itarema,BR,2022-10-03 02:20:54,-2.9248,-39.9167,77.52,80,6,15.97
275,Dikson,RU,2022-10-03 02:20:49,73.5069,80.5464,31.39,93,100,23.98
276,Ulcinj,ME,2022-10-03 02:20:55,41.9294,19.2244,57.42,79,0,3.18
277,Codrington,AU,2022-10-03 02:20:55,-38.2667,141.9667,63.28,68,81,3.2
278,Puerto Colombia,CO,2022-10-03 02:20:55,10.9878,-74.9547,82.49,77,74,16.6
279,Mancio Lima,BR,2022-10-03 02:20:56,-7.6142,-72.8958,75.09,76,31,2.19
280,Shimanovsk,RU,2022-10-03 02:20:56,52.0,127.7,36.25,38,0,11.23
281,Jaisalmer,IN,2022-10-03 02:20:56,26.9147,70.9181,77.81,69,0,11.59
282,Lorengau,PG,2022-10-03 02:20:57,-2.0226,147.2712,85.59,66,15,10.67
283,Tazovskiy,RU,2022-10-03 02:20:57,67.4667,78.7,33.1,83,100,13.06
284,Padang,ID,2022-10-03 02:20:58,-0.9492,100.3543,84.25,80,99,2.82
285,Mweka,CD,2022-10-03 02:20:58,-4.85,21.5667,65.08,98,100,2.26
286,San Francisco,US,2022-10-03 02:18:24,37.7749,-122.4194,66.76,78,20,12.66
287,Klaksvik,FO,2022-10-03 02:20:58,62.2266,-6.589,52.72,89,69,20.74
288,Los Andes,CL,2022-10-03 02:20:59,-32.8337,-70.5983,60.01,59,1,0.67
289,Gorele,TR,2022-10-03 02:20:59,41.0308,39.0031,64.38,89,100,7.31
290,Bandarbeyla,SO,2022-10-03 02:21:00,9.4942,50.8122,77.02,79,90,20.27
291,Nuuk,GL,2022-10-03 02:20:39,64.1835,-51.7216,36.21,64,75,6.91
292,Baruun-Urt,MN,2022-10-03 02:21:00,46.6806,113.2792,28.83,49,0,12.3
293,Upata,VE,2022-10-03 02:17:49,8.0086,-62.3989,77.2,91,49,3.65
294,Yerbogachen,RU,2022-10-03 02:21:00,61.2767,108.0108,30.51,66,98,6.71
295,Mount Isa,AU,2022-10-03 02:21:01,-20.7333,139.5,91.17,18,89,9.22
296,Truro,GB,2022-10-03 02:21:01,50.2653,-5.0544,54.68,82,100,6.91
297,San Quintin,MX,2022-10-03 02:21:02,30.4833,-115.95,68.43,78,44,13.42
298,Okhotsk,RU,2022-10-03 02:21:02,59.3833,143.3,39.0,64,96,9.93
299,Luanda,AO,2022-10-03 02:21:02,-8.8368,13.2343,73.17,84,87,4.79
300,Granados,GT,2022-10-03 02:21:03,14.9152,-90.5216,70.03,97,73,2.01
301,Virginia Beach,US,2022-10-03 02:17:30,36.8529,-75.978,64.02,88,100,14.97
302,Oistins,BB,2022-10-03 02:21:03,13.0667,-59.5333,78.89,94,40,4.61
303,Huesca,ES,2022-10-03 02:21:04,42.1362,-0.4087,63.28,51,0,3.44
304,Mattru,SL,2022-10-03 02:21:04,7.6244,-11.8332,72.59,99,100,2.21
305,Nome,US,2022-10-03 02:21:04,64.5011,-165.4064,45.16,65,0,8.05
306,Sitrah,BH,2022-10-03 02:21:05,26.1547,50.6206,82.4,78,0,3.44
307,Kindu,CD,2022-10-03 02:21:05,-2.95,25.95,67.87,99,99,0.85
308,Ystad,SE,2022-10-03 02:21:05,55.4297,13.8204,52.54,93,3,12.82
309,Pitimbu,BR,2022-10-03 02:21:06,-7.4706,-34.8086,73.99,77,3,10.4
310,Kroya,ID,2022-10-03 02:21:06,-7.6331,109.2461,79.3,84,100,7.09
311,Avarua,CK,2022-10-03 02:21:06,-21.2078,-159.775,77.05,61,75,18.41
312,Wad Madani,SD,2022-10-03 02:21:07,14.4012,33.5199,83.86,47,55,8.01
313,Waverly,US,2022-10-03 02:21:07,42.7392,-84.6208,48.36,80,0,9.22
314,Port Lincoln,AU,2022-10-03 02:21:08,-34.7333,135.8667,63.07,61,100,11.5
315,Thinadhoo,MV,2022-10-03 02:21:08,0.5333,72.9333,82.27,68,99,16.84
316,Mananjary,MG,2022-10-03 02:21:08,-21.2167,48.3333,63.46,89,0,5.48
317,Flinders,AU,2022-10-03 02:21:09,-34.5833,150.8552,69.19,54,22,4.0
318,Qaqortoq,GL,2022-10-03 02:22:09,60.7167,-46.0333,35.02,75,39,1.81
319,Santa Rosa,PH,2022-10-03 02:22:10,14.3122,121.1114,80.1,75,100,10.76
320,Tirur,IN,2022-10-03 02:22:10,10.9,75.9167,76.19,90,100,4.45
321,Coahuayana,MX,2022-10-03 02:22:10,18.7333,-103.6833,75.27,98,100,2.46
322,Uthal,PK,2022-10-03 02:22:11,25.8072,66.6219,78.4,82,8,1.86
323,Marsh Harbour,BS,2022-10-03 02:22:11,26.5412,-77.0636,80.6,75,11,9.44
324,Vila Velha,BR,2022-10-03 02:22:11,-20.3297,-40.2925,75.15,89,75,4.61
325,Krutinka,RU,2022-10-03 02:22:12,56.0055,71.5113,30.67,77,1,9.82
326,Tikapur,NP,2022-10-03 02:22:12,28.5,81.1333,76.62,71,0,3.02
327,Sungaipenuh,ID,2022-10-03 02:18:51,-2.0833,101.3833,74.8,71,93,0.74
328,Gazi,GR,2022-10-03 02:22:13,35.3253,25.0669,73.6,64,20,14.97
329,Liverpool,GB,2022-10-03 02:18:29,53.4106,-2.9779,48.74,91,100,6.91
330,Penzance,GB,2022-10-03 02:22:13,50.1186,-5.5371,50.68,75,95,6.22
331,Airai,TL,2022-10-03 02:22:14,-8.9266,125.4092,70.83,69,99,0.92
332,Kryve Ozero,UA,2022-10-03 02:22:14,47.9524,30.3493,51.19,75,34,14.34
333,Adrar,MR,2022-10-03 02:22:15,20.5022,-10.0711,87.71,36,69,5.88
334,Rayachoti,IN,2022-10-03 02:22:15,14.05,78.75,76.46,78,71,5.7
335,Puerto Padre,CU,2022-10-03 02:22:15,21.195,-76.6028,75.83,93,100,3.22
336,Rio Branco,BR,2022-10-03 02:22:16,-9.9747,-67.81,77.61,94,40,2.3
337,Omaruru,NA,2022-10-03 02:22:16,-21.4333,15.9333,70.12,18,0,4.83
338,Kota Kinabalu,MY,2022-10-03 02:21:25,5.9749,116.0724,85.98,79,20,3.44
339,Rio Grande,BR,2022-10-03 02:22:17,-32.035,-52.0986,51.91,86,2,2.48
340,Gat,IL,2022-10-03 02:17:58,31.61,34.7642,75.4,66,0,5.75
341,Sorong,ID,2022-10-03 02:22:17,-0.8833,131.25,83.1,71,31,3.0
342,Sengiley,RU,2022-10-03 02:22:17,53.9622,48.7944,55.47,71,100,16.37
343,Garden City,US,2022-10-03 02:21:27,42.3256,-83.331,53.94,67,0,6.91
344,Tosya,TR,2022-10-03 02:22:18,41.0155,34.0401,51.66,84,14,3.13
345,Kruisfontein,ZA,2022-10-03 02:22:18,-34.0033,24.7314,57.24,82,0,15.75
346,Shubarshi,KZ,2022-10-03 02:22:19,48.5872,57.1869,41.47,23,0,8.75
347,San Miguelito,PA,2022-10-03 02:22:19,9.0333,-79.5,79.66,83,20,4.61
348,Ribeira Grande,PT,2022-10-03 02:22:20,38.5167,-28.7,71.65,87,25,9.86
349,Mariental,NA,2022-10-03 02:22:20,-24.6333,17.9667,70.16,17,70,10.31
350,Vardo,NO,2022-10-03 02:22:21,70.3705,31.1107,39.18,93,100,4.61
351,Hirara,JP,2022-10-03 02:22:21,24.8,125.2833,87.66,74,40,11.5
352,Praxedis Guerrero,MX,2022-10-03 02:22:21,31.3667,-106.0167,78.26,34,48,22.28
353,Huarmey,PE,2022-10-03 02:22:22,-10.0681,-78.1522,62.8,85,65,8.63
354,Moranbah,AU,2022-10-03 02:22:22,-22.0016,148.0466,80.87,47,75,13.76
355,Awjilah,LY,2022-10-03 02:21:46,29.1081,21.2869,71.85,59,0,13.8
356,Kiama,AU,2022-10-03 02:21:33,-34.6833,150.8667,69.39,54,17,7.27
357,Acapulco,MX,2022-10-03 02:18:19,16.8634,-99.8901,80.42,74,40,5.75
358,Porto Novo,BJ,2022-10-03 02:22:23,6.4965,2.6036,75.02,94,28,3.13
359,The Valley,AI,2022-10-03 02:22:23,18.217,-63.0578,82.81,77,74,12.68
360,Saint-Georges,GD,2022-10-03 02:19:33,12.0564,-61.7485,82.08,78,20,0.0
361,Grootfontein,NA,2022-10-03 02:22:24,-19.5667,18.1167,60.37,33,0,1.14
362,Petrovskoye,RU,2022-10-03 02:23:24,57.0104,39.2693,49.28,93,100,12.97
363,Erdenet,MN,2022-10-03 02:23:25,49.0333,104.0833,28.0,46,0,4.47
364,Tessalit,ML,2022-10-03 02:23:25,20.1986,1.0114,88.79,24,3,8.21
365,Allanridge,ZA,2022-10-03 02:23:25,-27.7543,26.6438,59.92,18,0,3.2
366,Kavaratti,IN,2022-10-03 02:23:26,10.5669,72.642,80.15,78,100,13.18
367,Huancavelica,PE,2022-10-03 02:23:26,-12.7667,-74.9833,40.08,80,100,4.03
368,Itupiranga,BR,2022-10-03 02:23:26,-5.1347,-49.3267,82.72,37,84,2.08
369,Leh,IN,2022-10-03 02:23:27,34.1667,77.5833,44.98,49,0,3.67
370,Teguldet,RU,2022-10-03 02:23:27,57.3064,88.1667,29.91,75,32,1.77
371,Palmer,US,2022-10-03 02:21:31,42.1584,-72.3287,49.24,65,75,6.91
372,Yeppoon,AU,2022-10-03 02:23:28,-23.1333,150.7333,74.98,69,32,15.88
373,Bolshoye Murashkino,RU,2022-10-03 02:23:28,55.7826,44.7754,56.32,93,100,11.43
374,Kasangulu,CD,2022-10-03 02:23:29,-4.5911,15.1708,70.74,90,100,1.43
375,Laguna,US,2022-10-03 02:23:29,38.421,-121.4238,78.78,55,0,9.22
376,Almeirim,BR,2022-10-03 02:23:29,-1.5233,-52.5817,77.85,69,23,3.74
377,Leshukonskoye,RU,2022-10-03 02:23:30,64.8989,45.7622,35.56,98,80,4.14
378,Olenegorsk,RU,2022-10-03 02:23:30,68.15,33.3,38.8,96,100,6.64
379,Turayf,SA,2022-10-03 02:23:30,31.6725,38.6637,64.65,48,0,9.22
380,Guiyang,CN,2022-10-03 02:21:46,26.5833,106.7167,77.49,65,75,20.13
381,Conde,BR,2022-10-03 02:23:31,-7.2597,-34.9075,72.86,94,20,3.44
382,Muisne,EC,2022-10-03 02:23:31,0.6,-80.0333,74.8,86,98,5.88
383,Bismarck,US,2022-10-03 02:20:45,46.8083,-100.7837,66.81,75,0,4.61
384,Bibiani,GH,2022-10-03 02:23:32,6.4635,-2.3194,70.0,100,100,0.43
385,Payo,ID,2022-10-03 02:23:32,-3.7508,103.6372,83.89,70,55,2.13
386,Malmesbury,ZA,2022-10-03 02:23:33,-33.4608,18.7271,57.78,91,95,2.51
387,Kahului,US,2022-10-03 02:21:36,20.8947,-156.47,80.62,86,75,17.27
388,Nautla,MX,2022-10-03 02:23:33,20.2167,-96.7833,76.08,74,40,4.34
389,Gravelbourg,CA,2022-10-03 02:23:02,49.8834,-106.5512,55.67,49,100,0.74
390,Clyde River,CA,2022-10-03 02:22:05,70.4692,-68.5914,26.83,74,0,3.44
391,Guano,EC,2022-10-03 02:23:34,-1.5833,-78.6333,49.66,92,99,4.88
392,Brownwood,US,2022-10-03 02:23:34,31.7093,-98.9912,69.12,38,0,9.01
393,Leningradskiy,RU,2022-10-03 02:23:34,69.3833,178.4167,30.22,87,100,3.87
394,Sur,OM,2022-10-03 02:23:35,22.5667,59.5289,78.71,77,1,6.4
395,Senador Jose Porfirio,BR,2022-10-03 02:23:35,-2.5908,-51.9542,79.86,66,84,2.91
396,Gualeguay,AR,2022-10-03 02:23:35,-33.1416,-59.3097,59.95,54,0,7.29
397,Bubaque,GW,2022-10-03 02:23:36,11.2833,-15.8333,81.36,76,78,9.17
398,Koulikoro,ML,2022-10-03 02:23:36,14.0,-7.75,75.15,79,89,7.29
399,Tual,ID,2022-10-03 02:23:37,-5.6667,132.75,82.83,74,21,10.18
400,Andenes,NO,2022-10-03 02:23:37,69.3143,16.1194,45.93,100,100,6.91
401,Iqaluit,CA,2022-10-03 02:23:37,63.7506,-68.5145,26.33,86,20,0.0
402,Krasnoyarsk,RU,2022-10-03 02:23:38,56.0097,92.7917,36.0,67,48,2.28
403,Gadag,IN,2022-10-03 02:21:11,15.4167,75.6167,71.15,87,14,8.68
404,Kurilsk,RU,2022-10-03 02:23:38,45.2333,147.8833,57.88,65,7,13.06
405,Port Hardy,CA,2022-10-03 02:23:39,50.6996,-127.4199,51.98,100,20,4.61
406,Vitim,RU,2022-10-03 02:23:39,59.4511,112.5578,32.31,82,100,6.96
407,Ancud,CL,2022-10-03 02:23:40,-41.8697,-73.8203,49.64,75,100,5.19
408,Namtsy,RU,2022-10-03 02:23:40,62.7161,129.6658,29.05,66,98,11.05
409,Darnah,LY,2022-10-03 02:23:40,32.767,22.6367,73.47,71,0,23.98
410,Morondava,MG,2022-10-03 02:23:41,-20.2833,44.2833,72.07,81,0,1.03
411,Luoyang,CN,2022-10-03 02:21:45,34.6836,112.4536,68.79,90,100,6.24
412,Hargeysa,SO,2022-10-03 02:24:05,9.56,44.065,71.33,56,33,13.78
413,Zaoyang,CN,2022-10-03 02:24:41,32.1272,112.7542,89.35,48,3,6.35
414,Barcelos,PT,2022-10-03 02:24:41,41.5388,-8.6151,64.85,53,1,5.06
415,Lavrentiya,RU,2022-10-03 02:24:42,65.5833,-171.0,39.42,72,19,12.33
416,Antofagasta,CL,2022-10-03 02:24:42,-23.65,-70.4,58.28,71,42,4.0
417,Sinegorye,RU,2022-10-03 02:24:43,62.0788,150.477,21.04,89,100,4.56
418,Berdigestyakh,RU,2022-10-03 02:24:43,62.0989,126.6992,29.28,54,80,8.81
419,Port-Gentil,GA,2022-10-03 02:24:44,-0.7193,8.7815,77.58,85,100,9.31
420,Saint-Joseph,RE,2022-10-03 02:24:44,-21.3667,55.6167,64.78,77,34,5.64
421,La Sarre,CA,2022-10-03 02:24:45,48.8002,-79.1996,37.15,59,100,4.85
422,Chilca,PE,2022-10-03 02:24:45,-12.5211,-76.7372,61.09,88,98,7.58
423,Alofi,NU,2022-10-03 02:24:45,-19.0595,-169.9187,80.49,54,12,14.97
424,Kirakira,SB,2022-10-03 02:24:46,-10.4544,161.9205,84.45,72,100,5.95
425,Wencheng,CN,2022-10-03 02:24:46,33.0559,113.7978,77.13,77,97,6.76
426,Saint-Augustin,CA,2022-10-03 02:24:47,51.226,-58.6502,38.23,57,1,9.64
427,Los Llanos De Aridane,ES,2022-10-03 02:24:47,28.6585,-17.9182,68.13,64,75,9.22
428,Ternate,ID,2022-10-03 02:24:47,0.8,127.4,85.24,63,57,1.21
429,Buin,CL,2022-10-03 02:24:48,-33.7333,-70.75,69.12,87,2,2.89
430,Karakol,KG,2022-10-03 02:24:48,42.4907,78.3936,49.01,42,0,1.97
431,Qandala,SO,2022-10-03 02:24:48,11.472,49.8728,85.64,54,39,7.07
432,Vyartsilya,RU,2022-10-03 02:24:49,62.1764,30.693,42.62,100,76,2.93
433,Cayenne,GF,2022-10-03 02:24:49,4.9333,-52.3333,77.04,94,0,0.0
434,Lashio,MM,2022-10-03 02:24:50,22.9333,97.75,70.39,97,100,1.41
435,Ventspils,LV,2022-10-03 02:24:50,57.3894,21.5606,44.53,100,0,5.75
436,Erzin,TR,2022-10-03 02:24:50,36.9559,36.2,71.83,86,58,1.88
437,Cootamundra,AU,2022-10-03 02:24:10,-34.65,148.0333,62.94,60,100,5.55
438,Talnakh,RU,2022-10-03 02:24:51,69.4865,88.3972,31.21,94,100,13.06
439,Makakilo City,US,2022-10-03 02:24:51,21.3469,-158.0858,80.92,79,75,9.22
440,Umba,RU,2022-10-03 02:24:51,66.6871,34.3429,41.88,93,98,6.89
441,Dingle,PH,2022-10-03 02:24:52,10.9995,122.6711,85.68,74,90,7.83
442,Teruel,ES,2022-10-03 02:24:52,40.6667,-0.6667,55.06,33,13,0.83
443,Chikhli,IN,2022-10-03 02:24:53,20.35,76.25,71.26,87,98,10.18
444,Te Anau,NZ,2022-10-03 02:24:53,-45.4167,167.7167,47.86,70,74,4.36
445,Bonavista,CA,2022-10-03 02:24:53,48.6499,-53.1147,45.36,66,47,13.96
446,Mega,ET,2022-10-03 02:24:54,4.05,38.3,55.53,78,99,13.78
447,Zhangye,CN,2022-10-03 02:24:54,38.9342,100.4517,47.43,17,86,5.39
448,Olinda,BR,2022-10-03 02:24:54,-8.0089,-34.8553,78.53,65,20,5.75
449,Goderich,CA,2022-10-03 02:24:55,43.7501,-81.7165,46.9,76,0,9.22
450,Yingcheng,CN,2022-10-03 02:24:55,30.95,113.55,95.49,39,0,16.17
451,Launceston,AU,2022-10-03 02:24:55,-41.45,147.1667,62.62,59,75,8.05
452,Basoko,CD,2022-10-03 02:24:56,1.2391,23.616,70.23,95,100,1.97
453,Portland,US,2022-10-03 02:21:55,45.5234,-122.6762,80.53,53,0,1.99
454,Ca Mau,VN,2022-10-03 02:24:15,9.1769,105.15,81.05,80,100,4.74
455,Hambantota,LK,2022-10-03 02:24:56,6.1241,81.1185,82.74,78,40,12.66
456,Madras,IN,2022-10-03 02:24:57,13.0878,80.2785,85.98,66,75,10.36
457,Sao Jose Da Coroa Grande,BR,2022-10-03 02:24:57,-8.8978,-35.1478,73.96,77,9,8.52
458,Meulaboh,ID,2022-10-03 02:25:57,4.1363,96.1285,79.48,78,89,2.91
459,Muncar,ID,2022-10-03 02:25:58,-8.4333,114.3333,81.27,81,84,5.41
460,Kungurtug,RU,2022-10-03 02:25:58,50.5994,97.5228,24.31,36,0,0.92
461,Sidney,AU,2022-10-03 02:25:18,-33.8679,151.2073,68.56,54,40,11.5
462,Gazanjyk,TM,2022-10-03 02:25:59,39.2446,55.5154,53.49,15,2,14.23
463,Artyom,AZ,2022-10-03 02:25:59,40.4723,50.333,73.54,65,57,22.59
464,Batemans Bay,AU,2022-10-03 02:26:00,-35.7167,150.1833,63.1,52,77,8.75
465,Shitkino,RU,2022-10-03 02:26:00,56.3703,98.3543,29.91,86,100,7.27
466,Kraskino,RU,2022-10-03 02:26:00,42.7114,130.7794,63.46,87,96,9.08
467,Kokopo,PG,2022-10-03 02:26:01,-4.352,152.2633,87.53,56,11,11.45
468,Chifeng,CN,2022-10-03 02:26:01,42.2683,118.9636,35.76,90,100,19.35
469,Geraldton,AU,2022-10-03 02:26:02,-28.7667,114.6,72.01,46,1,11.5
470,Paamiut,GL,2022-10-03 02:26:02,61.994,-49.6678,34.68,66,62,6.15
471,Roald,NO,2022-10-03 02:26:02,62.5833,6.1333,54.16,82,75,17.27
472,Riverton,US,2022-10-03 02:21:45,40.5219,-111.9391,65.3,51,0,6.91
473,Tura,IN,2022-10-03 02:26:03,25.5198,90.2201,73.67,97,99,3.02
474,Ughelli,NG,2022-10-03 02:26:03,5.4899,6.0074,72.37,97,100,1.54
475,Severo-Kurilsk,RU,2022-10-03 02:26:04,50.6789,156.125,48.94,66,99,12.46
476,Krasnogorsk,RU,2022-10-03 02:26:04,55.8225,37.3181,59.45,100,100,15.66
477,Pangody,RU,2022-10-03 02:26:05,65.85,74.4859,34.12,75,100,15.88
478,Yar-Sale,RU,2022-10-03 02:26:05,66.8333,70.8333,36.09,81,100,14.05
479,Laibin,CN,2022-10-03 02:26:05,23.7,109.2667,84.83,67,3,4.32
480,Bonnyville,CA,2022-10-03 02:23:12,54.2668,-110.735,64.2,56,7,8.57
481,Bida,NG,2022-10-03 02:26:06,9.0833,6.0167,73.56,94,89,2.84
482,Mayo,US,2022-10-03 02:26:06,38.8876,-76.5119,54.12,93,100,8.01
483,Necochea,AR,2022-10-03 02:26:07,-38.5473,-58.7368,42.08,84,49,8.05
484,Grand Gaube,MU,2022-10-03 02:22:09,-20.0064,57.6608,70.38,68,64,3.0
485,Pithapuram,IN,2022-10-03 02:26:07,17.1167,82.2667,84.52,81,100,3.38
486,Glyadyanskoye,RU,2022-10-03 02:26:08,54.9075,65.0883,34.14,46,47,8.05
487,Daru,PG,2022-10-03 02:26:08,-9.0763,143.2092,83.1,78,44,12.39
488,Leiyang,CN,2022-10-03 02:26:08,26.4024,112.8591,92.73,44,0,7.43
489,Yatou,CN,2022-10-03 02:26:09,37.15,122.3833,67.57,90,90,4.52
490,Marabba,SD,2022-10-03 02:26:09,12.35,32.1833,80.62,55,8,7.83
491,Punta Alta,AR,2022-10-03 02:26:10,-38.8759,-62.0736,48.69,71,100,16.62
492,Turan,VN,2022-10-03 02:26:10,16.0678,108.2208,84.18,79,40,3.44
493,Ugra,RU,2022-10-03 02:26:10,54.7777,34.3267,56.01,97,100,9.19
494,Ahipara,NZ,2022-10-03 02:26:11,-35.1667,173.1667,61.03,85,65,13.18
495,Penticton,CA,2022-10-03 02:25:34,49.4806,-119.5858,68.74,62,0,4.61
496,Port Hedland,AU,2022-10-03 02:26:11,-20.3167,118.5667,80.65,61,0,11.5
497,Guantanamo,CU,2022-10-03 02:26:12,20.1444,-75.2092,78.37,89,99,1.79
498,Podujevo,XK,2022-10-03 02:26:12,42.9106,21.1931,51.4,86,46,2.68
499,Sheoganj,IN,2022-10-03 02:26:12,25.15,73.0667,76.48,70,0,2.37
500,Gravdal,NO,2022-10-03 02:27:13,68.1214,13.5031,51.03,87,100,13.42
501,Puerto Escondido,MX,2022-10-03 02:27:13,15.85,-97.0667,81.43,61,40,0.0
502,Vostok,RU,2022-10-03 02:27:14,46.4856,135.8833,65.01,51,92,7.9
503,Santa Cruz,BO,2022-10-03 02:27:14,-17.8,-63.1667,78.26,53,100,10.36
504,Sorland,NO,2022-10-03 02:27:14,67.667,12.6934,51.66,86,100,19.42
505,Miranda,CO,2022-10-03 02:27:15,3.2499,-76.2281,73.53,77,53,5.35
506,Novo Aripuana,BR,2022-10-03 02:27:15,-5.1206,-60.3797,75.29,80,91,1.72
507,Cuiluan,CN,2022-10-03 02:27:16,47.72,128.648,37.15,99,100,5.79
508,Kondinskoye,RU,2022-10-03 02:27:16,59.6481,67.41,40.39,59,100,15.77
509,Esso,RU,2022-10-03 02:27:16,55.9333,158.7,38.84,60,100,4.7
510,Estelle,US,2022-10-03 02:27:17,29.8458,-90.1067,78.8,54,0,4.61
511,San Mateo Del Mar,MX,2022-10-03 02:27:17,16.2,-95.0,79.86,68,88,29.71
512,Sungairaya,ID,2022-10-03 02:25:48,0.7,108.9,81.68,77,100,2.51
513,Axim,GH,2022-10-03 02:26:52,4.8699,-2.2405,74.98,92,99,3.65
514,Darab,IR,2022-10-03 02:27:18,28.7519,54.5444,71.8,52,0,1.92
515,Nelson Bay,AU,2022-10-03 02:23:01,-32.7167,152.15,66.25,67,43,1.99
516,Lata,PT,2022-10-03 02:27:19,40.1629,-8.3327,63.21,39,24,4.27
517,Wodonga,AU,2022-10-03 02:27:19,-36.1167,146.8833,62.65,63,100,4.88
518,Prince Rupert,CA,2022-10-03 02:25:25,54.3161,-130.3201,53.29,91,0,4.61
519,Walvis Bay,NA,2022-10-03 02:22:55,-22.9575,14.5053,55.09,90,3,7.76
520,Samarai,PG,2022-10-03 02:27:20,-10.6167,150.6667,82.42,78,79,10.02
521,Mabaruma,GY,2022-10-03 02:27:20,8.2,-59.7833,77.0,87,100,2.73
522,Igrim,RU,2022-10-03 02:27:21,63.1906,64.4162,37.6,84,100,11.1
523,Amapa,BR,2022-10-03 02:27:21,1.0,-52.0,74.34,83,36,3.22
524,Saint-Francois,FR,2022-10-03 02:27:21,46.4154,3.9054,58.44,94,100,4.61
525,Dunmore Town,BS,2022-10-03 02:27:22,25.5,-76.65,82.06,70,4,3.4
526,Sibolga,ID,2022-10-03 02:27:22,1.7427,98.7792,81.05,76,99,0.16
527,Sobolevo,RU,2022-10-03 02:27:22,54.4299,31.8996,46.35,97,100,12.19
528,Ankang,CN,2022-10-03 02:27:23,32.68,109.0172,74.25,88,100,7.56
529,Danane,CI,2022-10-03 02:27:23,7.2596,-8.155,70.18,100,100,0.69
530,Beloha,MG,2022-10-03 02:27:24,-25.1667,45.05,64.69,71,0,5.41
531,Altamira,BR,2022-10-03 02:27:24,-3.2033,-52.2064,78.75,64,71,0.49
532,Kabakovo,RU,2022-10-03 02:27:25,54.5369,56.1517,48.49,43,0,11.18
533,Asfi,MA,2022-10-03 02:27:25,32.2994,-9.2372,71.6,65,0,4.41
534,Binzhou,CN,2022-10-03 02:27:25,37.3667,118.0167,67.93,94,100,10.74
535,Silver City,US,2022-10-03 02:27:26,32.7701,-108.2803,64.69,58,0,6.91
536,Rong Kwang,TH,2022-10-03 02:27:26,18.339,100.3174,78.28,97,100,0.92
537,Dasoguz,TM,2022-10-03 02:27:26,41.8363,59.9666,37.35,52,0,9.22
538,Malkara,TR,2022-10-03 02:27:27,40.89,26.9011,56.98,56,0,4.07
539,Cetraro,IT,2022-10-03 02:27:27,39.5166,15.9416,65.07,87,88,7.23
540,Teya,RU,2022-10-03 02:27:28,60.3778,92.6267,31.28,77,100,5.57
541,Puerto El Triunfo,SV,2022-10-03 02:27:28,13.2833,-88.55,78.44,84,100,0.65
542,Henties Bay,NA,2022-10-03 02:23:00,-22.116,14.2845,54.9,92,1,4.7
543,Svetlyy,RU,2022-10-03 02:27:28,54.675,20.1347,54.97,90,97,13.62
544,Ahuimanu,US,2022-10-03 02:27:29,21.4447,-157.8378,82.11,82,100,9.22
545,Kencong,ID,2022-10-03 02:28:29,-8.2833,113.3667,80.69,80,100,4.56
546,Qasigiannguit,GL,2022-10-03 02:28:30,68.8193,-51.1922,32.25,93,99,4.79
547,Xuddur,SO,2022-10-03 02:28:30,4.1213,43.8894,69.12,78,86,13.35
548,Ninotsminda,GE,2022-10-03 02:28:30,41.2646,43.5916,46.33,63,51,2.37
549,Nouadhibou,MR,2022-10-03 02:28:31,20.931,-17.0347,73.38,64,0,10.36
550,Chunskiy,RU,2022-10-03 02:28:31,56.0815,99.6342,29.55,79,100,7.63
